[
  {
    "label": "<a href='#'>Loan</a> in Advisory",
    "category": "Recent searches"
  },
  {
    "label": "<a href='#'>Automotive</a> in Risk Consulting",
    "category": "Recent searches"
  },
  {
    "label": "<a href='#'>Industry Suppliers</a> in Risk Consulting",
    "category": "Recent searches"
  },
  {
    "label": "<a href='#'>Automotive</a> in Risk Consulting",
    "category": "Recent searches"
  },
  {
    "label": "Authors",
    "category": "Popular searches"
  },
  {
    "label": "Automotive",
    "category": "Popular searches"
  },
  {
    "label": "Automotive Industry Suppliers",
    "category": "Popular searches"
  }
]